item_uid,category,recent,k,key_letter,stem,options,prompt
115_2026-AM-31,EthicalLegal,Y,4,D,法律とその内容の組合せで正しいのはどれか。,児童福祉法 医療的ケア児が在籍する学校への看護師 の配置 | 母子保健法 経済的に困窮した妊産婦の助産施設入所 | アルコール健康障害 20 歳未満の飲酒の禁止 対策基本法 | 障害者虐待の防止、 市町村への通報義務 障害者の養護者に対する 支援等に関する法律 〈障害者虐待防止法〉,"次の問題に対して、最も適切な選択肢を1つだけ選び、その番号だけを半角数字で答えてください。番号以外の文字は一切出力しないでください。

法律とその内容の組合せで正しいのはどれか。
1. 児童福祉法 医療的ケア児が在籍する学校への看護師 の配置
2. 母子保健法 経済的に困窮した妊産婦の助産施設入所
3. アルコール健康障害 20 歳未満の飲酒の禁止 対策基本法
4. 障害者虐待の防止、 市町村への通報義務 障害者の養護者に対する 支援等に関する法律 〈障害者虐待防止法〉

答え："
115_2026-AM-48,EthicalLegal,Y,4,B,意思決定が困難な成人患者の代理意思決定で適切なのはどれか。,意思決定者を医療者が指名する。 | 患者の意思を推定して判断する。 | 意思決定した内容は変更できない。 | 意思決定者に親しい友人は含まれない。,"次の問題に対して、最も適切な選択肢を1つだけ選び、その番号だけを半角数字で答えてください。番号以外の文字は一切出力しないでください。

意思決定が困難な成人患者の代理意思決定で適切なのはどれか。
1. 意思決定者を医療者が指名する。
2. 患者の意思を推定して判断する。
3. 意思決定した内容は変更できない。
4. 意思決定者に親しい友人は含まれない。

答え："
115_2026-PM-45,EthicalLegal,Y,4,B,がん性疼痛があり医療用麻薬を使用中の在宅療養者の家族への説明で正しいのは どれか。,医療用麻薬は鍵のかかる棚で管理する。 | 貼付剤の交換時は、前回とは違う場所に貼る。 | 医療用麻薬を紛失した場合は、保健所に届け出る。 | 強い痛みを訴えたときは、定時の医療用麻薬の時間を早めて使用する。,"次の問題に対して、最も適切な選択肢を1つだけ選び、その番号だけを半角数字で答えてください。番号以外の文字は一切出力しないでください。

がん性疼痛があり医療用麻薬を使用中の在宅療養者の家族への説明で正しいのは どれか。
1. 医療用麻薬は鍵のかかる棚で管理する。
2. 貼付剤の交換時は、前回とは違う場所に貼る。
3. 医療用麻薬を紛失した場合は、保健所に届け出る。
4. 強い痛みを訴えたときは、定時の医療用麻薬の時間を早めて使用する。

答え："
115_2026-PM-72,EthicalLegal,Y,4,A,病院の医療安全管理者が行う与薬の事故防止対策で適切なのはどれか。,与薬の業務プロセスを見直す。 | 事故を起こした職員の責任を追及する。 | 病棟ごとに与薬マニュアルを作成する。 | 事故の対象となった患者の個人情報を病院内で共有する。,"次の問題に対して、最も適切な選択肢を1つだけ選び、その番号だけを半角数字で答えてください。番号以外の文字は一切出力しないでください。

病院の医療安全管理者が行う与薬の事故防止対策で適切なのはどれか。
1. 与薬の業務プロセスを見直す。
2. 事故を起こした職員の責任を追及する。
3. 病棟ごとに与薬マニュアルを作成する。
4. 事故の対象となった患者の個人情報を病院内で共有する。

答え："
114_2025-AM-61,EthicalLegal,Y,4,D,最も新しく制定された法律はどれか。,母子保健法 | 児童虐待の防止等に関する法律 | 子どもの貧困対策の推進に関する法律 | 医療的ケア児及びその家族に対する支援に関する法律,"次の問題に対して、最も適切な選択肢を1つだけ選び、その番号だけを半角数字で答えてください。番号以外の文字は一切出力しないでください。

最も新しく制定された法律はどれか。
1. 母子保健法
2. 児童虐待の防止等に関する法律
3. 子どもの貧困対策の推進に関する法律
4. 医療的ケア児及びその家族に対する支援に関する法律

答え："
114_2025-AM-73,EthicalLegal,Y,4,C,精神科病院での行動制限で正しいのはどれか。,家族の同意により身体的拘束を決定する。 | 行動制限最小化委員会は患者の隔離の具体的な内容を決定する。 | 12 時間を超える隔離については、精神保健指定医の判断が必要である。 | 暴力行為があった場合は、当該患者の精神症状が落ち着くまで身体的拘束を する。,"次の問題に対して、最も適切な選択肢を1つだけ選び、その番号だけを半角数字で答えてください。番号以外の文字は一切出力しないでください。

精神科病院での行動制限で正しいのはどれか。
1. 家族の同意により身体的拘束を決定する。
2. 行動制限最小化委員会は患者の隔離の具体的な内容を決定する。
3. 12 時間を超える隔離については、精神保健指定医の判断が必要である。
4. 暴力行為があった場合は、当該患者の精神症状が落ち着くまで身体的拘束を する。

答え："
114_2025-AM-75,EthicalLegal,Y,4,B,診療に関する諸記録に看護記録が含まれることを規定しているのはどれか。,医師法 | 医療法施行規則 | 個人情報の保護に関する法律 | 保健師助産師看護師法施行規則,"次の問題に対して、最も適切な選択肢を1つだけ選び、その番号だけを半角数字で答えてください。番号以外の文字は一切出力しないでください。

診療に関する諸記録に看護記録が含まれることを規定しているのはどれか。
1. 医師法
2. 医療法施行規則
3. 個人情報の保護に関する法律
4. 保健師助産師看護師法施行規則

答え："
114_2025-PM-29,EthicalLegal,Y,4,C,高齢者虐待の防止、高齢者の養護者に対する支援等に関する法律1高齢者虐待防 止法1⁄4で保護された高齢者が入所する社会福祉施設はどれか。,軽費老人ホーム | 有料老人ホーム | 特別養護老人ホーム | サービス付き高齢者向け住宅,"次の問題に対して、最も適切な選択肢を1つだけ選び、その番号だけを半角数字で答えてください。番号以外の文字は一切出力しないでください。

高齢者虐待の防止、高齢者の養護者に対する支援等に関する法律1高齢者虐待防 止法1⁄4で保護された高齢者が入所する社会福祉施設はどれか。
1. 軽費老人ホーム
2. 有料老人ホーム
3. 特別養護老人ホーム
4. サービス付き高齢者向け住宅

答え："
113_2024-AM-53,EthicalLegal,Y,4,D,A さん 92 歳、女性!は重度の障害のため体を動かすことができないが、表情な どで意思表示はできる。A さんは食べることが好きで「最期まで口から食べたい」 と言っていた。最近は誤嚥性肺炎で入 退院を繰り返しており、現在は入院中で終末 aspiration pneumonia 期である。同居している家族は積極的な治療をしないことを希望し、自宅でA さ んを看取ることを決めた。 家族への退院時の指導で適切なのはどれか。,「24 時間付き添ってあげましょう」 | 「オムツの重さで尿量を測定しましょう」 | 「A さんの息が苦しそうになったら救急車を呼びましょう」 | 「A さんが食べたいと望めば、口から食べさせてあげましょう」,"次の問題に対して、最も適切な選択肢を1つだけ選び、その番号だけを半角数字で答えてください。番号以外の文字は一切出力しないでください。

A さん 92 歳、女性!は重度の障害のため体を動かすことができないが、表情な どで意思表示はできる。A さんは食べることが好きで「最期まで口から食べたい」 と言っていた。最近は誤嚥性肺炎で入 退院を繰り返しており、現在は入院中で終末 aspiration pneumonia 期である。同居している家族は積極的な治療をしないことを希望し、自宅でA さ んを看取ることを決めた。 家族への退院時の指導で適切なのはどれか。
1. 「24 時間付き添ってあげましょう」
2. 「オムツの重さで尿量を測定しましょう」
3. 「A さんの息が苦しそうになったら救急車を呼びましょう」
4. 「A さんが食べたいと望めば、口から食べさせてあげましょう」

答え："
113_2024-AM-58,EthicalLegal,Y,4,D,児童虐待の防止等に関する法律V児童虐待防止法Zに基づいて行う通告で正しいの はどれか。,警察に通告する。 | 守秘義務の遵守が優先される。 | 通告にあたっては児童自身の意思を尊重することが規定されている。 | 児童が同居している家庭における配偶者に対する暴力は通告の対象となる。,"次の問題に対して、最も適切な選択肢を1つだけ選び、その番号だけを半角数字で答えてください。番号以外の文字は一切出力しないでください。

児童虐待の防止等に関する法律V児童虐待防止法Zに基づいて行う通告で正しいの はどれか。
1. 警察に通告する。
2. 守秘義務の遵守が優先される。
3. 通告にあたっては児童自身の意思を尊重することが規定されている。
4. 児童が同居している家庭における配偶者に対する暴力は通告の対象となる。

答え："
113_2024-AM-60,EthicalLegal,Y,4,C,日本の人工妊娠中絶で正しいのはどれか。,配偶者の同意が必須である。 | 妊娠10 週以降は死産の届出が必要である。 | 実施が可能なのは妊娠22 週未満の場合である。 | 実施率は母の年齢が20〜24 歳よりも20 歳未満の方が高い。,"次の問題に対して、最も適切な選択肢を1つだけ選び、その番号だけを半角数字で答えてください。番号以外の文字は一切出力しないでください。

日本の人工妊娠中絶で正しいのはどれか。
1. 配偶者の同意が必須である。
2. 妊娠10 週以降は死産の届出が必要である。
3. 実施が可能なのは妊娠22 週未満の場合である。
4. 実施率は母の年齢が20〜24 歳よりも20 歳未満の方が高い。

答え："
113_2024-AM-64,EthicalLegal,Y,4,B,患者とその家族や医療者が患者にとって望ましい治療を探り、お互いが納得する 治療を選択できるようにしていくのはどれか。,心理教育 | 共同意思決定 | ストレングス | アドヒアランス,"次の問題に対して、最も適切な選択肢を1つだけ選び、その番号だけを半角数字で答えてください。番号以外の文字は一切出力しないでください。

患者とその家族や医療者が患者にとって望ましい治療を探り、お互いが納得する 治療を選択できるようにしていくのはどれか。
1. 心理教育
2. 共同意思決定
3. ストレングス
4. アドヒアランス

答え："
112_2023-AM-54,EthicalLegal,Y,4,D,高齢者の身体拘束に関する説明で適切なのはどれか。,身体拘束の実施は担当看護師が決定する。 | ミトン型の手袋の使用は身体拘束ではない。 | 本人が身体拘束に同意していれば家族への説明は不要である。 | 切迫性、非代替性および一時性の全てを満たしている場合に検討される。,"次の問題に対して、最も適切な選択肢を1つだけ選び、その番号だけを半角数字で答えてください。番号以外の文字は一切出力しないでください。

高齢者の身体拘束に関する説明で適切なのはどれか。
1. 身体拘束の実施は担当看護師が決定する。
2. ミトン型の手袋の使用は身体拘束ではない。
3. 本人が身体拘束に同意していれば家族への説明は不要である。
4. 切迫性、非代替性および一時性の全てを満たしている場合に検討される。

答え："
112_2023-AM-66,EthicalLegal,Y,4,D,患者の権利や力を尊重し、自己制御している感覚を持たせ、患者が社会生活に必 要な技能や能力を獲得する支援を意味するのはどれか。,リカバリ | ストレングス | レジリエンス | エンパワメント,"次の問題に対して、最も適切な選択肢を1つだけ選び、その番号だけを半角数字で答えてください。番号以外の文字は一切出力しないでください。

患者の権利や力を尊重し、自己制御している感覚を持たせ、患者が社会生活に必 要な技能や能力を獲得する支援を意味するのはどれか。
1. リカバリ
2. ストレングス
3. レジリエンス
4. エンパワメント

答え："
111_2022-AM-60,EthicalLegal,Y,4,C,A 君 小学 年生!は病院に併設された院内学級に通いながら骨肉腫のosteosarcoma治療を続 けていた。現在、肺転移があり終末期にある。呼吸障害のため鼻腔カニューレで酸 素 L/分!を吸入中である。A 君の食事摂取量は減っているが意識は清明である。 週後に院内で卒業式が予定されている。A 君は「卒業式に出席したい」と話して いる。 看護師のA 君への対応として適切なのはどれか。,両親に判断してもらおうと話す。 | 今の状態では出席は難しいと話す。 | 出席できるように準備しようと話す。 | 出席を決める前に体力をつけようと話す。,"次の問題に対して、最も適切な選択肢を1つだけ選び、その番号だけを半角数字で答えてください。番号以外の文字は一切出力しないでください。

A 君 小学 年生!は病院に併設された院内学級に通いながら骨肉腫のosteosarcoma治療を続 けていた。現在、肺転移があり終末期にある。呼吸障害のため鼻腔カニューレで酸 素 L/分!を吸入中である。A 君の食事摂取量は減っているが意識は清明である。 週後に院内で卒業式が予定されている。A 君は「卒業式に出席したい」と話して いる。 看護師のA 君への対応として適切なのはどれか。
1. 両親に判断してもらおうと話す。
2. 今の状態では出席は難しいと話す。
3. 出席できるように準備しようと話す。
4. 出席を決める前に体力をつけようと話す。

答え："
111_2022-AM-73,EthicalLegal,Y,4,A,多発性骨転移がある終末期の大腸癌患 者 53 歳、女性!が、外科病棟から緩和ケ colon cancer ア病棟に夫に付き添われ転棟してきた。 転棟時の申し送りについて、緩和ケア病棟の看護師が外科病棟の看護師から収集 する情報で最も優先すべきなのはどれか。,痛コントロールの状況 | 自宅の居住環境 | 大腸癌の術式 colon cancer | 夫の面会頻度,"次の問題に対して、最も適切な選択肢を1つだけ選び、その番号だけを半角数字で答えてください。番号以外の文字は一切出力しないでください。

多発性骨転移がある終末期の大腸癌患 者 53 歳、女性!が、外科病棟から緩和ケ colon cancer ア病棟に夫に付き添われ転棟してきた。 転棟時の申し送りについて、緩和ケア病棟の看護師が外科病棟の看護師から収集 する情報で最も優先すべきなのはどれか。
1. 痛コントロールの状況
2. 自宅の居住環境
3. 大腸癌の術式 colon cancer
4. 夫の面会頻度

答え："
110_2021-AM-29,EthicalLegal,N,4,A,医師、歯科医師、薬剤師、看護師その他の医療の担い手は、医療を提供するにあ たり、適切な説明を行い、医療を受ける者の理解を得るよう努めなければならない ことを定めているのはどれか。,医療法 | 健康保険法 | 地域保健法 | 個人情報の保護に関する法律,"次の問題に対して、最も適切な選択肢を1つだけ選び、その番号だけを半角数字で答えてください。番号以外の文字は一切出力しないでください。

医師、歯科医師、薬剤師、看護師その他の医療の担い手は、医療を提供するにあ たり、適切な説明を行い、医療を受ける者の理解を得るよう努めなければならない ことを定めているのはどれか。
1. 医療法
2. 健康保険法
3. 地域保健法
4. 個人情報の保護に関する法律

答え："
110_2021-AM-52,EthicalLegal,N,4,B,養育医療が定められている法律はどれか。,児童福祉法 | 母子保健法 | 発達障害者支援法 | 児童虐待の防止等に関する法律,"次の問題に対して、最も適切な選択肢を1つだけ選び、その番号だけを半角数字で答えてください。番号以外の文字は一切出力しないでください。

養育医療が定められている法律はどれか。
1. 児童福祉法
2. 母子保健法
3. 発達障害者支援法
4. 児童虐待の防止等に関する法律

答え："
110_2021-PM-43,EthicalLegal,N,4,C,現在の日本の終末期医療において、患者の将来の自己決定能力の低下に備えて、 患者・家族と医療者が今後の治療・療養についての気がかりや価値観を定期的に話 し合って共有し、患者の意向に沿った医療を提供することが望ましいとされてい る。 この内容を示すのはどれか。,グリーフケア | 代理意思決定の支援 | アドバンス・ケア・プランニング | アドバンスディレクティブz事前指示}の支援,"次の問題に対して、最も適切な選択肢を1つだけ選び、その番号だけを半角数字で答えてください。番号以外の文字は一切出力しないでください。

現在の日本の終末期医療において、患者の将来の自己決定能力の低下に備えて、 患者・家族と医療者が今後の治療・療養についての気がかりや価値観を定期的に話 し合って共有し、患者の意向に沿った医療を提供することが望ましいとされてい る。 この内容を示すのはどれか。
1. グリーフケア
2. 代理意思決定の支援
3. アドバンス・ケア・プランニング
4. アドバンスディレクティブz事前指示}の支援

答え："
109_2020-PM-35,EthicalLegal,N,4,B,高齢者の虐待防止、高齢者の養護者に対する支援等に関する法律高齢者虐待防 止法で、措置された高齢者が入所する社会福祉施設はどれか。,有料老人ホーム | 特別養護老人ホーム | 高齢者生活福祉センター | サービス付き高齢者向け住宅,"次の問題に対して、最も適切な選択肢を1つだけ選び、その番号だけを半角数字で答えてください。番号以外の文字は一切出力しないでください。

高齢者の虐待防止、高齢者の養護者に対する支援等に関する法律高齢者虐待防 止法で、措置された高齢者が入所する社会福祉施設はどれか。
1. 有料老人ホーム
2. 特別養護老人ホーム
3. 高齢者生活福祉センター
4. サービス付き高齢者向け住宅

答え："
109_2020-PM-38,EthicalLegal,N,4,D,判断能力のある成人患者へのインフォームド・コンセントにおける看護師の対応 で適切なのはどれか。,患者の疑問には専門用語を用いて回答する。 | 今後の治療に関しては医療者に任せるように話す。 | 治療方針への同意は撤回できないことを説明する。 | 納得ができるまで医師からの説明が受けられることを伝える。,"次の問題に対して、最も適切な選択肢を1つだけ選び、その番号だけを半角数字で答えてください。番号以外の文字は一切出力しないでください。

判断能力のある成人患者へのインフォームド・コンセントにおける看護師の対応 で適切なのはどれか。
1. 患者の疑問には専門用語を用いて回答する。
2. 今後の治療に関しては医療者に任せるように話す。
3. 治療方針への同意は撤回できないことを説明する。
4. 納得ができるまで医師からの説明が受けられることを伝える。

答え："
109_2020-PM-60,EthicalLegal,N,4,B,A ちゃん 歳、女児!は、インフルエンザ脳症 の終末期である。A ちゃんに意 influenza encephalopathy 識はなく、付き添っている母親は「私がもっと早く病院に連れて来ればこんなこと にならなかったのに」と病室で泣いている。 A ちゃんの母親への対応で適切なのはどれか。,母親に受診が遅くなった状況を聞く。 | 母親がA ちゃんに対してできるケアを提案する。 | 病気で亡くなった子どもの親の会を母親に紹介する。 | 母親が泣いている間はA ちゃんの病室に居ることができないと母親に説明 する。,"次の問題に対して、最も適切な選択肢を1つだけ選び、その番号だけを半角数字で答えてください。番号以外の文字は一切出力しないでください。

A ちゃん 歳、女児!は、インフルエンザ脳症 の終末期である。A ちゃんに意 influenza encephalopathy 識はなく、付き添っている母親は「私がもっと早く病院に連れて来ればこんなこと にならなかったのに」と病室で泣いている。 A ちゃんの母親への対応で適切なのはどれか。
1. 母親に受診が遅くなった状況を聞く。
2. 母親がA ちゃんに対してできるケアを提案する。
3. 病気で亡くなった子どもの親の会を母親に紹介する。
4. 母親が泣いている間はA ちゃんの病室に居ることができないと母親に説明 する。

答え："
109_2020-PM-69,EthicalLegal,N,4,B,医療保護入院で正しいのはどれか。,入院の期間は72 時間に限られる。 | 患者の家族等の同意で入院させることができる。 | 人以上の精神保健指定医による診察の結果で入院となる。 | 精神障害のために他人に害を及ぼすおそれが明らかな者が対象である。,"次の問題に対して、最も適切な選択肢を1つだけ選び、その番号だけを半角数字で答えてください。番号以外の文字は一切出力しないでください。

医療保護入院で正しいのはどれか。
1. 入院の期間は72 時間に限られる。
2. 患者の家族等の同意で入院させることができる。
3. 人以上の精神保健指定医による診察の結果で入院となる。
4. 精神障害のために他人に害を及ぼすおそれが明らかな者が対象である。

答え："
108_2019-AM-59,EthicalLegal,N,4,A,乳幼児健康診査を規定しているのはどれか。,母子保健法 | 児童福祉法 | 次世代育成支援対策推進法 | 児童虐待の防止等に関する法律,"次の問題に対して、最も適切な選択肢を1つだけ選び、その番号だけを半角数字で答えてください。番号以外の文字は一切出力しないでください。

乳幼児健康診査を規定しているのはどれか。
1. 母子保健法
2. 児童福祉法
3. 次世代育成支援対策推進法
4. 児童虐待の防止等に関する法律

答え："
108_2019-AM-63,EthicalLegal,N,4,C,平成16 年 2004 年!に性同一性障害者の性別の取扱いの特例に関する法律が施行 され、戸籍上の性別を変更することが可能になった。 その変更の条件で正しいのはどれか。,15 歳以上であること | うつ症状を呈していること | 現に未成年の子がいないこと | 両親の同意が得られていること,"次の問題に対して、最も適切な選択肢を1つだけ選び、その番号だけを半角数字で答えてください。番号以外の文字は一切出力しないでください。

平成16 年 2004 年!に性同一性障害者の性別の取扱いの特例に関する法律が施行 され、戸籍上の性別を変更することが可能になった。 その変更の条件で正しいのはどれか。
1. 15 歳以上であること
2. うつ症状を呈していること
3. 現に未成年の子がいないこと
4. 両親の同意が得られていること

答え："
108_2019-PM-48,EthicalLegal,N,4,D,判断能力が不十分な認知症高齢者の権利擁護を目的とするのはどれか。,公的年金制度 | 生活保護制度 | 後期高齢者医療制度 | 日常生活自立支援事業,"次の問題に対して、最も適切な選択肢を1つだけ選び、その番号だけを半角数字で答えてください。番号以外の文字は一切出力しないでください。

判断能力が不十分な認知症高齢者の権利擁護を目的とするのはどれか。
1. 公的年金制度
2. 生活保護制度
3. 後期高齢者医療制度
4. 日常生活自立支援事業

答え："
108_2019-PM-70,EthicalLegal,N,4,D,診療情報の取り扱いで適切なのはどれか。,診療情報の開示請求は患者本人に限られる。 | 医療者は患者が情報提供を受けることを拒んでも説明する。 | 類感染症の届出は患者本人の同意を得なければならない。 | 他院へのセカンドオピニオンを希望する患者に診療情報を提供する。,"次の問題に対して、最も適切な選択肢を1つだけ選び、その番号だけを半角数字で答えてください。番号以外の文字は一切出力しないでください。

診療情報の取り扱いで適切なのはどれか。
1. 診療情報の開示請求は患者本人に限られる。
2. 医療者は患者が情報提供を受けることを拒んでも説明する。
3. 類感染症の届出は患者本人の同意を得なければならない。
4. 他院へのセカンドオピニオンを希望する患者に診療情報を提供する。

答え："
107_2018-AM-32,EthicalLegal,N,4,A,良質の医療を受ける権利を宣言しているのはどれか。,リスボン宣言 | ヘルシンキ宣言 | ジュネーブ宣言 | ニュルンベルク綱領,"次の問題に対して、最も適切な選択肢を1つだけ選び、その番号だけを半角数字で答えてください。番号以外の文字は一切出力しないでください。

良質の医療を受ける権利を宣言しているのはどれか。
1. リスボン宣言
2. ヘルシンキ宣言
3. ジュネーブ宣言
4. ニュルンベルク綱領

答え："
107_2018-AM-60,EthicalLegal,N,4,A,養護者による虐待を受けたと思われる高齢者を発見した者が、高齢者虐待の防 止、高齢者の養護者に対する支援等に関する法律2高齢者虐待防止法3に基づき通報 する先として正しいのはどれか。,市町村 | 警察署 | 消防署 | 訪問看護事業所,"次の問題に対して、最も適切な選択肢を1つだけ選び、その番号だけを半角数字で答えてください。番号以外の文字は一切出力しないでください。

養護者による虐待を受けたと思われる高齢者を発見した者が、高齢者虐待の防 止、高齢者の養護者に対する支援等に関する法律2高齢者虐待防止法3に基づき通報 する先として正しいのはどれか。
1. 市町村
2. 警察署
3. 消防署
4. 訪問看護事業所

答え："
107_2018-AM-78,EthicalLegal,N,5,C,A ちゃん 歳、女児!は、白血病 の終末期で入院しているが、病状は安定して leukemia いる。両親と姉のB ちゃん 10 歳!の 人家族である。 A ちゃんの家族へ看護師が伝える内容として適切なのはどれか。,「A ちゃんは外出できません」 | 「B ちゃんは面会できません」 | 「A ちゃんが食べたい物を食べて良いです」 | 「A ちゃんよりもご家族の意思を優先します」 | 「A ちゃんに終末期であることは伝えないでください」,"次の問題に対して、最も適切な選択肢を1つだけ選び、その番号だけを半角数字で答えてください。番号以外の文字は一切出力しないでください。

A ちゃん 歳、女児!は、白血病 の終末期で入院しているが、病状は安定して leukemia いる。両親と姉のB ちゃん 10 歳!の 人家族である。 A ちゃんの家族へ看護師が伝える内容として適切なのはどれか。
1. 「A ちゃんは外出できません」
2. 「B ちゃんは面会できません」
3. 「A ちゃんが食べたい物を食べて良いです」
4. 「A ちゃんよりもご家族の意思を優先します」
5. 「A ちゃんに終末期であることは伝えないでください」

答え："
115_2026-AM-59,Priority,Y,4,C,A さん(89 歳、女性)は災害によって自宅が損壊し、避難所で生活を始めた。看 護師が面談を行うと「食欲がない。横になっても眠れず、すぐに目が覚めてしまう」 と話し、元気がない様子である。避難所ではトイレと食事以外はほとんど動かずに 過ごしている。A さんには被災前の通院歴はなく、日常生活動作〈ADL〉は自立し ている。 看護師の対応で優先度が高いのはどれか。,頑張るように言葉をかける。 | 直ちに入院できる病院を探す。 | 軽い運動ができるように環境を整える。 | 睡眠薬の処方について医師と相談する。,"次の問題に対して、最も適切な選択肢を1つだけ選び、その番号だけを半角数字で答えてください。番号以外の文字は一切出力しないでください。

A さん(89 歳、女性)は災害によって自宅が損壊し、避難所で生活を始めた。看 護師が面談を行うと「食欲がない。横になっても眠れず、すぐに目が覚めてしまう」 と話し、元気がない様子である。避難所ではトイレと食事以外はほとんど動かずに 過ごしている。A さんには被災前の通院歴はなく、日常生活動作〈ADL〉は自立し ている。 看護師の対応で優先度が高いのはどれか。
1. 頑張るように言葉をかける。
2. 直ちに入院できる病院を探す。
3. 軽い運動ができるように環境を整える。
4. 睡眠薬の処方について医師と相談する。

答え："
115_2026-PM-46,Priority,Y,4,D,A さん(58 歳、男性)は農作業中に有機リン系殺虫剤を散布していたところ、急 な嘔気と頭痛、呼吸困難が出現したため救急搬送された。搬入時、呼吸は促迫で流 涎があり、縮瞳が認められた。 A さんに直ちに投与される薬剤はどれか。,ビタミンK 製剤 | オキシコドン塩酸塩 | バンコマイシン塩酸塩 | アトロピン硫酸塩水和物,"次の問題に対して、最も適切な選択肢を1つだけ選び、その番号だけを半角数字で答えてください。番号以外の文字は一切出力しないでください。

A さん(58 歳、男性)は農作業中に有機リン系殺虫剤を散布していたところ、急 な嘔気と頭痛、呼吸困難が出現したため救急搬送された。搬入時、呼吸は促迫で流 涎があり、縮瞳が認められた。 A さんに直ちに投与される薬剤はどれか。
1. ビタミンK 製剤
2. オキシコドン塩酸塩
3. バンコマイシン塩酸塩
4. アトロピン硫酸塩水和物

答え："
115_2026-PM-69,Priority,Y,4,C,A さん(40 歳、男性)は数年前に 統合失調症と診断された。最近、仕事を辞め schizophrenia て、訪問看護を利用しながら1 人で暮らしている。訪問看護師に「病気になってか ら孤独だ。これからどのように生きていけば良いか、同じような体験をしている人 と話してみたい」と打ち明けた。 A さんの支援を行う上で連携する者として優先度が高いのはどれか。,公認心理師 | 成年後見人 | ピアサポーター | 就労継続支援事業所の管理者,"次の問題に対して、最も適切な選択肢を1つだけ選び、その番号だけを半角数字で答えてください。番号以外の文字は一切出力しないでください。

A さん(40 歳、男性)は数年前に 統合失調症と診断された。最近、仕事を辞め schizophrenia て、訪問看護を利用しながら1 人で暮らしている。訪問看護師に「病気になってか ら孤独だ。これからどのように生きていけば良いか、同じような体験をしている人 と話してみたい」と打ち明けた。 A さんの支援を行う上で連携する者として優先度が高いのはどれか。
1. 公認心理師
2. 成年後見人
3. ピアサポーター
4. 就労継続支援事業所の管理者

答え："
114_2025-PM-56,Priority,Y,4,D,A さん 81 歳、男性!は、大腸内視鏡検査を受けることになった。 検査前にA さんへ看護師が確認する項目で最も優先されるのはどれか。,義歯の使用 | 白内障 の有無 cataract | 保持できない姿勢 | 前立腺肥大症の 有無 prostatic hyperplasia,"次の問題に対して、最も適切な選択肢を1つだけ選び、その番号だけを半角数字で答えてください。番号以外の文字は一切出力しないでください。

A さん 81 歳、男性!は、大腸内視鏡検査を受けることになった。 検査前にA さんへ看護師が確認する項目で最も優先されるのはどれか。
1. 義歯の使用
2. 白内障 の有無 cataract
3. 保持できない姿勢
4. 前立腺肥大症の 有無 prostatic hyperplasia

答え："
114_2025-PM-57,Priority,Y,4,C,全身麻酔下で肺切除術を受ける高齢者への説明で優先度が高いのはどれか。,術前にベッド上で排泄の練習をすること | 術前に手術部看護師の訪問があること | 術前に深呼吸や排痰の練習をすること | 術後に四肢の自動運動をすること,"次の問題に対して、最も適切な選択肢を1つだけ選び、その番号だけを半角数字で答えてください。番号以外の文字は一切出力しないでください。

全身麻酔下で肺切除術を受ける高齢者への説明で優先度が高いのはどれか。
1. 術前にベッド上で排泄の練習をすること
2. 術前に手術部看護師の訪問があること
3. 術前に深呼吸や排痰の練習をすること
4. 術後に四肢の自動運動をすること

答え："
113_2024-PM-60,Priority,Y,4,B,順調に分娩が進行している妊娠40 週 日の初産婦から「腟から水っぽいものが流 れ、下着が濡れた」とナースコールがあった。看護師が流出したものを確認すると、 量は少量で、羊水特有の臭いを認めた。 このときの産婦への対応で優先度が高いのはどれか。,バイタルサインを測定する。 | 胎児心拍数を確認する。 | 食事摂取を勧める。 | 更衣を促す。,"次の問題に対して、最も適切な選択肢を1つだけ選び、その番号だけを半角数字で答えてください。番号以外の文字は一切出力しないでください。

順調に分娩が進行している妊娠40 週 日の初産婦から「腟から水っぽいものが流 れ、下着が濡れた」とナースコールがあった。看護師が流出したものを確認すると、 量は少量で、羊水特有の臭いを認めた。 このときの産婦への対応で優先度が高いのはどれか。
1. バイタルサインを測定する。
2. 胎児心拍数を確認する。
3. 食事摂取を勧める。
4. 更衣を促す。

答え："
112_2023-AM-69,Priority,Y,4,D,A さん 80 歳、女性!は 人暮らしで、在宅酸素療法ïHOTñを受けている。訪問 看護師はA さんに停電時を想定した避難行動の指導を行うことにした。 A さんの停電時の避難行動で優先度が高いのはどれか。,電気のブレーカーを落とす。 | 玄関の扉を開けて出口を確保する。 | 訪問看護ステーションに連絡をする。 | 酸素濃縮器から酸素ボンベに切り替える。,"次の問題に対して、最も適切な選択肢を1つだけ選び、その番号だけを半角数字で答えてください。番号以外の文字は一切出力しないでください。

A さん 80 歳、女性!は 人暮らしで、在宅酸素療法ïHOTñを受けている。訪問 看護師はA さんに停電時を想定した避難行動の指導を行うことにした。 A さんの停電時の避難行動で優先度が高いのはどれか。
1. 電気のブレーカーを落とす。
2. 玄関の扉を開けて出口を確保する。
3. 訪問看護ステーションに連絡をする。
4. 酸素濃縮器から酸素ボンベに切り替える。

答え："
112_2023-AM-95,Priority,Y,4,D,A さんはステロイドパルス療法の後、副腎皮質ステロイド薬の内服治療が開始 された。入院 週ころから満月様顔貌がみられたため、外見の変化に気持ちが落ち 込むようになった。 A さんへの対応で適切なのはどれか。,気にする必要はないと励ます。 | パートナーの面会を制限する。 | 外見よりも病気の治療を優先すると説明する。 | 薬の量が減れば満月様顔貌は軽減すると説明する。,"次の問題に対して、最も適切な選択肢を1つだけ選び、その番号だけを半角数字で答えてください。番号以外の文字は一切出力しないでください。

A さんはステロイドパルス療法の後、副腎皮質ステロイド薬の内服治療が開始 された。入院 週ころから満月様顔貌がみられたため、外見の変化に気持ちが落ち 込むようになった。 A さんへの対応で適切なのはどれか。
1. 気にする必要はないと励ます。
2. パートナーの面会を制限する。
3. 外見よりも病気の治療を優先すると説明する。
4. 薬の量が減れば満月様顔貌は軽減すると説明する。

答え："
112_2023-PM-45,Priority,Y,4,A,A さん 58 歳!は筋萎縮性側索硬化症 èALSêで在宅療養をしている。嚥下機能の amyotrophic lateral sclerosis 低下が進行したため入院し、胃瘻の造設が検討されているが、経口摂取の継続を希 望している。 看護師が連携する職種で優先度が高いのはどれか。,言語聴覚士 | 作業療法士 | 理学療法士 | 介護支援専門員,"次の問題に対して、最も適切な選択肢を1つだけ選び、その番号だけを半角数字で答えてください。番号以外の文字は一切出力しないでください。

A さん 58 歳!は筋萎縮性側索硬化症 èALSêで在宅療養をしている。嚥下機能の amyotrophic lateral sclerosis 低下が進行したため入院し、胃瘻の造設が検討されているが、経口摂取の継続を希 望している。 看護師が連携する職種で優先度が高いのはどれか。
1. 言語聴覚士
2. 作業療法士
3. 理学療法士
4. 介護支援専門員

答え："
112_2023-PM-84,Priority,Y,5,C,A さん 25 歳、女性!は統合失調症 と診断され、入院 か月が経過した。食事や schizophrenia 水分の摂取、トイレ歩行は 人でできる。歯磨き、入浴への関心はあまりない。幻 聴が聞こえると突然走り出し、壁に頭をぶつけている。日中はホールで過ごし、自 分から他の患者と交流はしない。 A さんのセルフケアのアセスメントで優先度が高いのはどれか。,排 泄 | 個人衛生 | 安全を保つ能力 | 活動と休息のバランス | 孤独と付き合いのバランス,"次の問題に対して、最も適切な選択肢を1つだけ選び、その番号だけを半角数字で答えてください。番号以外の文字は一切出力しないでください。

A さん 25 歳、女性!は統合失調症 と診断され、入院 か月が経過した。食事や schizophrenia 水分の摂取、トイレ歩行は 人でできる。歯磨き、入浴への関心はあまりない。幻 聴が聞こえると突然走り出し、壁に頭をぶつけている。日中はホールで過ごし、自 分から他の患者と交流はしない。 A さんのセルフケアのアセスメントで優先度が高いのはどれか。
1. 排 泄
2. 個人衛生
3. 安全を保つ能力
4. 活動と休息のバランス
5. 孤独と付き合いのバランス

答え："
111_2022-AM-75,Priority,Y,4,D,災害発生時に行うSTART 法によるトリアージで最初に判定を行う項目はどれ か。,意 識 | 呼 吸 | 循 環 | 歩 行,"次の問題に対して、最も適切な選択肢を1つだけ選び、その番号だけを半角数字で答えてください。番号以外の文字は一切出力しないでください。

災害発生時に行うSTART 法によるトリアージで最初に判定を行う項目はどれ か。
1. 意 識
2. 呼 吸
3. 循 環
4. 歩 行

答え："
111_2022-AM-92,Priority,Y,4,B,A さんの手術は予定通り終了した。 術後 日、会陰部から挿入されたドレーンからは、淡血性の排液が10 mL/時で 流出していた。バイタルサインが安定していることを確認した後、Fowlerファウ ラー位にして15 分が経過したところで、A さんからナースコールがあった。看 護師が訪室すると「おしりが濡れているような気がする」と言う。確認すると、会陰 部のガーゼに淡血性の浸出液を認めた。 A さんへの対応で最も優先度が高いのはどれか。,Fowlerファウラー位から仰臥位にする。 | ドレーンの屈曲を確認する。 | 排液バッグを交換する。 | 会陰部を消毒する。,"次の問題に対して、最も適切な選択肢を1つだけ選び、その番号だけを半角数字で答えてください。番号以外の文字は一切出力しないでください。

A さんの手術は予定通り終了した。 術後 日、会陰部から挿入されたドレーンからは、淡血性の排液が10 mL/時で 流出していた。バイタルサインが安定していることを確認した後、Fowlerファウ ラー位にして15 分が経過したところで、A さんからナースコールがあった。看 護師が訪室すると「おしりが濡れているような気がする」と言う。確認すると、会陰 部のガーゼに淡血性の浸出液を認めた。 A さんへの対応で最も優先度が高いのはどれか。
1. Fowlerファウラー位から仰臥位にする。
2. ドレーンの屈曲を確認する。
3. 排液バッグを交換する。
4. 会陰部を消毒する。

答え："
111_2022-AM-118,Priority,Y,4,A,入院当日に看護師が行う情報収集で最も優先するのはどれか。,症状が日常生活に与える影響 | アルバイト先の人間関係 | 医療用語の理解力 | 精神疾患の家族歴,"次の問題に対して、最も適切な選択肢を1つだけ選び、その番号だけを半角数字で答えてください。番号以外の文字は一切出力しないでください。

入院当日に看護師が行う情報収集で最も優先するのはどれか。
1. 症状が日常生活に与える影響
2. アルバイト先の人間関係
3. 医療用語の理解力
4. 精神疾患の家族歴

答え："
111_2022-PM-48,Priority,Y,4,A,下μの介達牽引を受けている患者が足背のしびれを訴えている。 看護師が確認すべき項目で優先度が高いのはどれか。,下肢の肢位 | 牽引の方向 | 重錘の重さ | 弾性包帯のずれ,"次の問題に対して、最も適切な選択肢を1つだけ選び、その番号だけを半角数字で答えてください。番号以外の文字は一切出力しないでください。

下μの介達牽引を受けている患者が足背のしびれを訴えている。 看護師が確認すべき項目で優先度が高いのはどれか。
1. 下肢の肢位
2. 牽引の方向
3. 重錘の重さ
4. 弾性包帯のずれ

答え："
111_2022-PM-70,Priority,Y,4,B,A さん 85 歳、女性!は 人暮らし。うっ血性心不全 congestive heart failureで臥床して過ごすことが多 い。訪問看護師が訪問すると、A さんは体温37.6 °C、口唇の乾燥はなく、体熱感 はあるが手足が冷えると言って羽毛布団を肩まで掛けている。室温30 °C、湿度65 %、外気温は32 °C、冷房設備はあるが使っていない。 このときの訪問看護師の対応で適切なのはどれか。,羽毛布団を取り除く。 | 冷房設備で室温を調整する。 | 頓用の解熱薬を服用してもらう。 | 直ちに経口補水液を飲むよう促す。,"次の問題に対して、最も適切な選択肢を1つだけ選び、その番号だけを半角数字で答えてください。番号以外の文字は一切出力しないでください。

A さん 85 歳、女性!は 人暮らし。うっ血性心不全 congestive heart failureで臥床して過ごすことが多 い。訪問看護師が訪問すると、A さんは体温37.6 °C、口唇の乾燥はなく、体熱感 はあるが手足が冷えると言って羽毛布団を肩まで掛けている。室温30 °C、湿度65 %、外気温は32 °C、冷房設備はあるが使っていない。 このときの訪問看護師の対応で適切なのはどれか。
1. 羽毛布団を取り除く。
2. 冷房設備で室温を調整する。
3. 頓用の解熱薬を服用してもらう。
4. 直ちに経口補水液を飲むよう促す。

答え："
111_2022-PM-97,Priority,Y,4,C,看護師からA さんに施設について説明したが、その後もA さんは「ここはどこ」 と繰り返し聞いていた。息子の妻は「私がやらなければいけないことは何ですか」と 聞いてきた。 息子の妻に対する看護師の対応で最も適切なのはどれか。,「面会に来てください」 | 「家族会に参加しましょう」 | 「まずは休息をとりましょう」 | 「認知症への対応を覚えましょう」,"次の問題に対して、最も適切な選択肢を1つだけ選び、その番号だけを半角数字で答えてください。番号以外の文字は一切出力しないでください。

看護師からA さんに施設について説明したが、その後もA さんは「ここはどこ」 と繰り返し聞いていた。息子の妻は「私がやらなければいけないことは何ですか」と 聞いてきた。 息子の妻に対する看護師の対応で最も適切なのはどれか。
1. 「面会に来てください」
2. 「家族会に参加しましょう」
3. 「まずは休息をとりましょう」
4. 「認知症への対応を覚えましょう」

答え："
110_2021-AM-65,Priority,N,4,D,A さん 75 歳、男性!は妻 66 歳!と 人暮らし。 か月前に認知症 の診断を受け dementia た。妻から訪問看護師に「夫は通所介護のときは穏やかに過ごしていると聞いてい るが、家では興奮することが多く、どう対応すればよいかわからない」と相談が あった。 このときの妻に対する訪問看護師の最初の対応で適切なのはどれか。,主治医に相談するよう勧める。 | A さんと散歩に出かけることを勧める。 | 通所介護の頻度を増やすことを提案する。 | A さんが興奮する状況を妻と一緒に振り返る。,"次の問題に対して、最も適切な選択肢を1つだけ選び、その番号だけを半角数字で答えてください。番号以外の文字は一切出力しないでください。

A さん 75 歳、男性!は妻 66 歳!と 人暮らし。 か月前に認知症 の診断を受け dementia た。妻から訪問看護師に「夫は通所介護のときは穏やかに過ごしていると聞いてい るが、家では興奮することが多く、どう対応すればよいかわからない」と相談が あった。 このときの妻に対する訪問看護師の最初の対応で適切なのはどれか。
1. 主治医に相談するよう勧める。
2. A さんと散歩に出かけることを勧める。
3. 通所介護の頻度を増やすことを提案する。
4. A さんが興奮する状況を妻と一緒に振り返る。

答え："
110_2021-AM-68,Priority,N,4,D,夜勤帯に、A 看護師がスタッフステーションで抗菌薬の点滴静脈内注射を準備 しているときに、発汗した患者から寝衣交換の依頼があり、別の患者から口渇で飲 水したいという希望があった。直後に患者に装着されている人工呼吸器のアラーム が鳴った。他の看護師は別の病室で重症者のケアをしている。 A 看護師が最も優先すべきなのはどれか。,点滴静脈内注射の準備 | 発汗した患者の寝衣交換 | 飲水を希望する患者への対応 | 人工呼吸器を装着している患者の観察,"次の問題に対して、最も適切な選択肢を1つだけ選び、その番号だけを半角数字で答えてください。番号以外の文字は一切出力しないでください。

夜勤帯に、A 看護師がスタッフステーションで抗菌薬の点滴静脈内注射を準備 しているときに、発汗した患者から寝衣交換の依頼があり、別の患者から口渇で飲 水したいという希望があった。直後に患者に装着されている人工呼吸器のアラーム が鳴った。他の看護師は別の病室で重症者のケアをしている。 A 看護師が最も優先すべきなのはどれか。
1. 点滴静脈内注射の準備
2. 発汗した患者の寝衣交換
3. 飲水を希望する患者への対応
4. 人工呼吸器を装着している患者の観察

答え："
110_2021-PM-40,Priority,N,4,C,夜勤帯に看護師が病棟のトイレ内で倒れている患者を発見した。呼びかけても反 応がない。 この看護師が最初に実施すべきなのはどれか。,脈拍を確認する。 | 胸骨圧迫を開始する。 | トイレ内のナースコールで応援を呼ぶ。 | 自動体外式除細動器zAED}を取りに行く。,"次の問題に対して、最も適切な選択肢を1つだけ選び、その番号だけを半角数字で答えてください。番号以外の文字は一切出力しないでください。

夜勤帯に看護師が病棟のトイレ内で倒れている患者を発見した。呼びかけても反 応がない。 この看護師が最初に実施すべきなのはどれか。
1. 脈拍を確認する。
2. 胸骨圧迫を開始する。
3. トイレ内のナースコールで応援を呼ぶ。
4. 自動体外式除細動器zAED}を取りに行く。

答え："
110_2021-PM-71,Priority,N,4,B,災害時のトリアージで正しいのはどれか。,トリアージタッグは衣服に装着する。 | 治療優先度の高さはトリアージ区分のI、II、IIIの順である。 | トリアージの判定は患者の到着時および到着後30 分の 回行う。 | 最優先に治療を必要とする者には、黄色のトリアージタッグを装着する。,"次の問題に対して、最も適切な選択肢を1つだけ選び、その番号だけを半角数字で答えてください。番号以外の文字は一切出力しないでください。

災害時のトリアージで正しいのはどれか。
1. トリアージタッグは衣服に装着する。
2. 治療優先度の高さはトリアージ区分のI、II、IIIの順である。
3. トリアージの判定は患者の到着時および到着後30 分の 回行う。
4. 最優先に治療を必要とする者には、黄色のトリアージタッグを装着する。

答え："
109_2020-AM-64,Priority,N,4,B,災害派遣精神医療チーム DPAT で正しいのはどれか。,厚生労働省が組織する。 | 被災地域の精神科医療機関と連携する。 | 発災 か月後に最初のチームを派遣する。 | 派遣チームの食事は被災自治体が用意する。,"次の問題に対して、最も適切な選択肢を1つだけ選び、その番号だけを半角数字で答えてください。番号以外の文字は一切出力しないでください。

災害派遣精神医療チーム DPAT で正しいのはどれか。
1. 厚生労働省が組織する。
2. 被災地域の精神科医療機関と連携する。
3. 発災 か月後に最初のチームを派遣する。
4. 派遣チームの食事は被災自治体が用意する。

答え："
109_2020-AM-112,Priority,N,4,C,看護師が入院時に聴取する情報で優先度が高いのはどれか。,業務量の変化 | 職場での人間関係 | 最近 か月の生活状況 | 無断欠勤に対する親の反応,"次の問題に対して、最も適切な選択肢を1つだけ選び、その番号だけを半角数字で答えてください。番号以外の文字は一切出力しないでください。

看護師が入院時に聴取する情報で優先度が高いのはどれか。
1. 業務量の変化
2. 職場での人間関係
3. 最近 か月の生活状況
4. 無断欠勤に対する親の反応

答え："
109_2020-PM-63,Priority,N,4,D,順調に分娩が進行している産婦から「腟から水っぽいものが流れ、下着が濡れた」 と看護師に訴えがあった。流出したものを確認すると、量は少量で、羊水特有の臭 いを認めた。 その時の産婦への対応で優先されるのはどれか。,更衣を促す。 | 体温を測定する。 | 食事摂取を勧める。 | 胎児心拍数を確認する。,"次の問題に対して、最も適切な選択肢を1つだけ選び、その番号だけを半角数字で答えてください。番号以外の文字は一切出力しないでください。

順調に分娩が進行している産婦から「腟から水っぽいものが流れ、下着が濡れた」 と看護師に訴えがあった。流出したものを確認すると、量は少量で、羊水特有の臭 いを認めた。 その時の産婦への対応で優先されるのはどれか。
1. 更衣を促す。
2. 体温を測定する。
3. 食事摂取を勧める。
4. 胎児心拍数を確認する。

答え："
108_2019-AM-45,Priority,N,4,A,救急外来を受診した成人患者で、治療の緊急度が最も高いのはどれか。,時間ほど前から右上下肢に力が入らず、ろれつが回らない。 | 日前にペットの葬儀が終わり、食欲がなく、夜眠れない。 | プールでの日焼けによって背部全体が発赤している。 | 市販の風邪薬を通常の 倍量服用した。,"次の問題に対して、最も適切な選択肢を1つだけ選び、その番号だけを半角数字で答えてください。番号以外の文字は一切出力しないでください。

救急外来を受診した成人患者で、治療の緊急度が最も高いのはどれか。
1. 時間ほど前から右上下肢に力が入らず、ろれつが回らない。
2. 日前にペットの葬儀が終わり、食欲がなく、夜眠れない。
3. プールでの日焼けによって背部全体が発赤している。
4. 市販の風邪薬を通常の 倍量服用した。

答え："
108_2019-PM-22,Priority,N,4,C,赤色のトリアージタグが意味するのはどれか。,死亡群 | 保留群 | 最優先治療群 | 待機的治療群,"次の問題に対して、最も適切な選択肢を1つだけ選び、その番号だけを半角数字で答えてください。番号以外の文字は一切出力しないでください。

赤色のトリアージタグが意味するのはどれか。
1. 死亡群
2. 保留群
3. 最優先治療群
4. 待機的治療群

答え："
108_2019-PM-41,Priority,N,4,A,A さん 48 歳、男性!は、仕事中に生じた胸部と右肩の違和感を主訴に来院した。 バイタルサインは安定しているが、スタンフォード分類B 型の急性大動脈解離 と acute aortic dissection 診断され、医師から手術を勧められた。 治療の選択で迷っている様子のA さんへの対応で適切なのはどれか。,「医師からの治療のリスクや合併症の説明で、不明な点はありますか」 | 「手術を受けるか受けないか、すぐに決めたほうがよいです」 | 「医師の判断に任せるのが一番よいと思います」 | 「緊急度が高いので、話はあとにしましょう」,"次の問題に対して、最も適切な選択肢を1つだけ選び、その番号だけを半角数字で答えてください。番号以外の文字は一切出力しないでください。

A さん 48 歳、男性!は、仕事中に生じた胸部と右肩の違和感を主訴に来院した。 バイタルサインは安定しているが、スタンフォード分類B 型の急性大動脈解離 と acute aortic dissection 診断され、医師から手術を勧められた。 治療の選択で迷っている様子のA さんへの対応で適切なのはどれか。
1. 「医師からの治療のリスクや合併症の説明で、不明な点はありますか」
2. 「手術を受けるか受けないか、すぐに決めたほうがよいです」
3. 「医師の判断に任せるのが一番よいと思います」
4. 「緊急度が高いので、話はあとにしましょう」

答え："
108_2019-PM-49,Priority,N,4,C,A さん 76 歳、女性!は、ステージ の慢性腎臓病と診 断された。身長146 cm、 chronic kidney disease 体重50 kg。日常生活は自立し、毎日家事をしている。週 回、ビールをグラス 杯程度飲んでいる。 A さんへの生活指導の内容で優先されるのはどれか。,安 静 | 禁 酒 | 減 塩 | 体重の減量,"次の問題に対して、最も適切な選択肢を1つだけ選び、その番号だけを半角数字で答えてください。番号以外の文字は一切出力しないでください。

A さん 76 歳、女性!は、ステージ の慢性腎臓病と診 断された。身長146 cm、 chronic kidney disease 体重50 kg。日常生活は自立し、毎日家事をしている。週 回、ビールをグラス 杯程度飲んでいる。 A さんへの生活指導の内容で優先されるのはどれか。
1. 安 静
2. 禁 酒
3. 減 塩
4. 体重の減量

答え："
108_2019-PM-66,Priority,N,4,D,A さん 85 歳、女性!は、 人暮らし。日常生活は自立しており、健康のために 毎日20〜30 分のウォーキングをしている。夜間は、廊下を歩いて 、 回トイレ に行く。 A さんの現時点での家屋環境の整備で最も優先されるのはどれか。,便座の高さを高くする。 | 廊下に手すりを設置する。 | トイレの扉を引き戸にする。 | 廊下に足元照明を設置する。,"次の問題に対して、最も適切な選択肢を1つだけ選び、その番号だけを半角数字で答えてください。番号以外の文字は一切出力しないでください。

A さん 85 歳、女性!は、 人暮らし。日常生活は自立しており、健康のために 毎日20〜30 分のウォーキングをしている。夜間は、廊下を歩いて 、 回トイレ に行く。 A さんの現時点での家屋環境の整備で最も優先されるのはどれか。
1. 便座の高さを高くする。
2. 廊下に手すりを設置する。
3. トイレの扉を引き戸にする。
4. 廊下に足元照明を設置する。

答え："
108_2019-PM-69,Priority,N,4,D,病院では、育児中の時短勤務、夜勤専従、非常勤など多様な労働時間や雇用形態 の看護師が働いている。 看護管理者が行うマネジメントで最も優先するのはどれか。,夜勤専従の看護師の休暇を増やす。 | 育児中の看護師の院内研修を免除する。 | 非常勤看護師は患者の受け持ちを免除する。 | 特定の看護師に仕事が集中しないよう調整する。,"次の問題に対して、最も適切な選択肢を1つだけ選び、その番号だけを半角数字で答えてください。番号以外の文字は一切出力しないでください。

病院では、育児中の時短勤務、夜勤専従、非常勤など多様な労働時間や雇用形態 の看護師が働いている。 看護管理者が行うマネジメントで最も優先するのはどれか。
1. 夜勤専従の看護師の休暇を増やす。
2. 育児中の看護師の院内研修を免除する。
3. 非常勤看護師は患者の受け持ちを免除する。
4. 特定の看護師に仕事が集中しないよう調整する。

答え："
107_2018-AM-81,Priority,N,5,E,新人看護師のA さんは、夜勤の看護師からの引き継ぎが終了した後、日勤で行 う業務を書き出した。 A さんが書き出した以下の業務のうち最も優先して行うのはどれか。,頭部の搔痒感を訴える患者の洗髪 | 夜間せん妄のあった患者との散歩 | 午後に入院する患者の診療録の準備 | 翌日に検査を受ける予定の患者への説明 | 人工呼吸器を装着中の患者の状態の確認,"次の問題に対して、最も適切な選択肢を1つだけ選び、その番号だけを半角数字で答えてください。番号以外の文字は一切出力しないでください。

新人看護師のA さんは、夜勤の看護師からの引き継ぎが終了した後、日勤で行 う業務を書き出した。 A さんが書き出した以下の業務のうち最も優先して行うのはどれか。
1. 頭部の搔痒感を訴える患者の洗髪
2. 夜間せん妄のあった患者との散歩
3. 午後に入院する患者の診療録の準備
4. 翌日に検査を受ける予定の患者への説明
5. 人工呼吸器を装着中の患者の状態の確認

答え："
115_2026-AM-10,Knowledge,Y,4,C,令和4 年(2022 年)の国民生活基礎調査で、世帯総数における核家族世帯の割合 に最も近いのはどれか。,40 % | 50 % | 60 % | 70 %,"次の問題に対して、最も適切な選択肢を1つだけ選び、その番号だけを半角数字で答えてください。番号以外の文字は一切出力しないでください。

令和4 年(2022 年)の国民生活基礎調査で、世帯総数における核家族世帯の割合 に最も近いのはどれか。
1. 40 %
2. 50 %
3. 60 %
4. 70 %

答え："
115_2026-AM-11,Knowledge,Y,4,A,止血機構を有するのはどれか。,血 漿 | 細胞内液 | 脳脊髄液 | リンパ液,"次の問題に対して、最も適切な選択肢を1つだけ選び、その番号だけを半角数字で答えてください。番号以外の文字は一切出力しないでください。

止血機構を有するのはどれか。
1. 血 漿
2. 細胞内液
3. 脳脊髄液
4. リンパ液

答え："
115_2026-AM-15,Knowledge,Y,4,B,肝性脳症の原因物質はどれか。 hepatic encephalopathy,プリン体 | アンモニア | グルコース | トリグリセライド,"次の問題に対して、最も適切な選択肢を1つだけ選び、その番号だけを半角数字で答えてください。番号以外の文字は一切出力しないでください。

肝性脳症の原因物質はどれか。 hepatic encephalopathy
1. プリン体
2. アンモニア
3. グルコース
4. トリグリセライド

答え："
115_2026-AM-18,Knowledge,Y,4,C,誤嚥のリスクがある患者の食事援助で適切なのはどれか。,きざみ食を選ぶ。 | 粘り気の強い食品を選ぶ。 | 食事中は頸部前屈位をとる。 | 食後は速やかに仰臥位をとる。,"次の問題に対して、最も適切な選択肢を1つだけ選び、その番号だけを半角数字で答えてください。番号以外の文字は一切出力しないでください。

誤嚥のリスクがある患者の食事援助で適切なのはどれか。
1. きざみ食を選ぶ。
2. 粘り気の強い食品を選ぶ。
3. 食事中は頸部前屈位をとる。
4. 食後は速やかに仰臥位をとる。

答え："
115_2026-AM-19,Knowledge,Y,4,C,医療者間のコミュニケーションのエラーを防ぐために適切なのはどれか。,薬剤の単位は省略する。 | 与薬の指示は口頭で行う。 | 伝えられた情報の内容を復唱し確認し合う。 | 伝えられた情報の不明点に関する質問は控える。,"次の問題に対して、最も適切な選択肢を1つだけ選び、その番号だけを半角数字で答えてください。番号以外の文字は一切出力しないでください。

医療者間のコミュニケーションのエラーを防ぐために適切なのはどれか。
1. 薬剤の単位は省略する。
2. 与薬の指示は口頭で行う。
3. 伝えられた情報の内容を復唱し確認し合う。
4. 伝えられた情報の不明点に関する質問は控える。

答え："
115_2026-AM-20,Knowledge,Y,4,B,接触感染予防策として使用するのはどれか。,陰圧室 | ガウン | ゴーグル | N 95 マスク,"次の問題に対して、最も適切な選択肢を1つだけ選び、その番号だけを半角数字で答えてください。番号以外の文字は一切出力しないでください。

接触感染予防策として使用するのはどれか。
1. 陰圧室
2. ガウン
3. ゴーグル
4. N 95 マスク

答え："
115_2026-AM-24,Knowledge,Y,5,B,がん性疼痛に使用する強オピオイド鎮痛薬はどれか。,コデイン | モルヒネ | カルバマゼピン | ロキソプロフェン | アセトアミノフェン,"次の問題に対して、最も適切な選択肢を1つだけ選び、その番号だけを半角数字で答えてください。番号以外の文字は一切出力しないでください。

がん性疼痛に使用する強オピオイド鎮痛薬はどれか。
1. コデイン
2. モルヒネ
3. カルバマゼピン
4. ロキソプロフェン
5. アセトアミノフェン

答え："
115_2026-AM-25,Knowledge,Y,5,A,対光反射に関与するのはどれか。,動眼神経 | 滑車神経 | 三叉神経 | 外転神経 | 顔面神経,"次の問題に対して、最も適切な選択肢を1つだけ選び、その番号だけを半角数字で答えてください。番号以外の文字は一切出力しないでください。

対光反射に関与するのはどれか。
1. 動眼神経
2. 滑車神経
3. 三叉神経
4. 外転神経
5. 顔面神経

答え："
115_2026-AM-26,Knowledge,Y,4,D,骨格筋の収縮で正しいのはどれか。,アクチンがATP を消費する。 | 細胞外カルシウムイオンが必要である。 | 筋収縮の結果、グリコゲンが蓄積される。 | ミオシンフィラメントの長さは変化しない。,"次の問題に対して、最も適切な選択肢を1つだけ選び、その番号だけを半角数字で答えてください。番号以外の文字は一切出力しないでください。

骨格筋の収縮で正しいのはどれか。
1. アクチンがATP を消費する。
2. 細胞外カルシウムイオンが必要である。
3. 筋収縮の結果、グリコゲンが蓄積される。
4. ミオシンフィラメントの長さは変化しない。

答え："
115_2026-AM-28,Knowledge,Y,4,D,膀胱壁の蓄尿反射を引き起こす刺激はどれか。,圧 迫 | 痛 み | 温 度 | 伸 展,"次の問題に対して、最も適切な選択肢を1つだけ選び、その番号だけを半角数字で答えてください。番号以外の文字は一切出力しないでください。

膀胱壁の蓄尿反射を引き起こす刺激はどれか。
1. 圧 迫
2. 痛 み
3. 温 度
4. 伸 展

答え："
115_2026-AM-29,Knowledge,Y,4,A,肺血栓塞栓症の確定診断に用いるのはどれか。 pulmonary thromboembolism,D ダイマー | ヘモグロビン | プロトロンビン時間〈PT〉 | 活性化部分トロンボプラスチン時間〈APTT〉,"次の問題に対して、最も適切な選択肢を1つだけ選び、その番号だけを半角数字で答えてください。番号以外の文字は一切出力しないでください。

肺血栓塞栓症の確定診断に用いるのはどれか。 pulmonary thromboembolism
1. D ダイマー
2. ヘモグロビン
3. プロトロンビン時間〈PT〉
4. 活性化部分トロンボプラスチン時間〈APTT〉

答え："
115_2026-AM-36,Knowledge,Y,4,A,腹部の打診で観察するのはどれか。,鼓 音 | 反跳痛 | 筋性防御 | 腫瘤の硬さ,"次の問題に対して、最も適切な選択肢を1つだけ選び、その番号だけを半角数字で答えてください。番号以外の文字は一切出力しないでください。

腹部の打診で観察するのはどれか。
1. 鼓 音
2. 反跳痛
3. 筋性防御
4. 腫瘤の硬さ

答え："
115_2026-AM-37,Knowledge,Y,4,B,尿比重が低くなるのはどれか。,糖尿病 diabetes mellitus | 尿崩症 diabetes insipidus | 水欠乏性脱水 | ネフローゼ症候群 nephrotic syndrome,"次の問題に対して、最も適切な選択肢を1つだけ選び、その番号だけを半角数字で答えてください。番号以外の文字は一切出力しないでください。

尿比重が低くなるのはどれか。
1. 糖尿病 diabetes mellitus
2. 尿崩症 diabetes insipidus
3. 水欠乏性脱水
4. ネフローゼ症候群 nephrotic syndrome

答え："
115_2026-AM-38,Knowledge,Y,4,D,睡眠の特徴で正しいのはどれか。,新生児の睡眠は単相性である。 | 乳児の1 日の総睡眠量は7 時間前後である。 | 成人期では一晩で睡眠周期を10 回程度繰り返す。 | 老年期では早朝覚醒が起こりやすい。,"次の問題に対して、最も適切な選択肢を1つだけ選び、その番号だけを半角数字で答えてください。番号以外の文字は一切出力しないでください。

睡眠の特徴で正しいのはどれか。
1. 新生児の睡眠は単相性である。
2. 乳児の1 日の総睡眠量は7 時間前後である。
3. 成人期では一晩で睡眠周期を10 回程度繰り返す。
4. 老年期では早朝覚醒が起こりやすい。

答え："
115_2026-AM-40,Knowledge,Y,4,D,右腕に点滴静脈内注射をしている成人患者の寝衣(パジャマ)の交換について正し いのはどれか。,寝衣(パジャマ)は右袖から脱がせる。 | 右袖を脱ぐ際に、点滴ボトルはベッド上に置く。 | 清潔な寝衣(パジャマ)は左袖から着せる。 | 清潔な寝衣(パジャマ)の右袖には、先に点滴ボトルを通してから腕を通す。,"次の問題に対して、最も適切な選択肢を1つだけ選び、その番号だけを半角数字で答えてください。番号以外の文字は一切出力しないでください。

右腕に点滴静脈内注射をしている成人患者の寝衣(パジャマ)の交換について正し いのはどれか。
1. 寝衣(パジャマ)は右袖から脱がせる。
2. 右袖を脱ぐ際に、点滴ボトルはベッド上に置く。
3. 清潔な寝衣(パジャマ)は左袖から着せる。
4. 清潔な寝衣(パジャマ)の右袖には、先に点滴ボトルを通してから腕を通す。

答え："
115_2026-AM-41,Knowledge,Y,4,D,頭部の切創からの出血で選択する止血法はどれか。,止血帯法 | タンポン法 | 間接圧迫止血法 | 直接圧迫止血法,"次の問題に対して、最も適切な選択肢を1つだけ選び、その番号だけを半角数字で答えてください。番号以外の文字は一切出力しないでください。

頭部の切創からの出血で選択する止血法はどれか。
1. 止血帯法
2. タンポン法
3. 間接圧迫止血法
4. 直接圧迫止血法

答え："
115_2026-AM-44,Knowledge,Y,4,A,訪問看護師が利用者の手段的日常生活動作〈IADL〉を確認するための質問で正し いのはどれか。,「自分で洗濯ができますか」 | 「着替えは1 人でできますか」 | 「ご飯は自分で食べられますか」 | 「1 人でお風呂に入ることができますか」,"次の問題に対して、最も適切な選択肢を1つだけ選び、その番号だけを半角数字で答えてください。番号以外の文字は一切出力しないでください。

訪問看護師が利用者の手段的日常生活動作〈IADL〉を確認するための質問で正し いのはどれか。
1. 「自分で洗濯ができますか」
2. 「着替えは1 人でできますか」
3. 「ご飯は自分で食べられますか」
4. 「1 人でお風呂に入ることができますか」

答え："
115_2026-AM-45,Knowledge,Y,4,B,A さん(80 歳、男性)は人工肛門造設術を受けて自宅に退院した。ストーマ管理 のため、訪問看護を週に1 回利用している。A さんは電車で隣県に住んでいる孫 に会いに行きたいと希望している。 A さんの外出に向けた目標で最も適切なのはどれか。,食物繊維を避けた食事が摂れる。 | 装具が剝がれた場合に対処できる。 | 起こりやすい皮膚障害が理解できる。 | 装具交換に必要な物品の購入先がわかる。,"次の問題に対して、最も適切な選択肢を1つだけ選び、その番号だけを半角数字で答えてください。番号以外の文字は一切出力しないでください。

A さん(80 歳、男性)は人工肛門造設術を受けて自宅に退院した。ストーマ管理 のため、訪問看護を週に1 回利用している。A さんは電車で隣県に住んでいる孫 に会いに行きたいと希望している。 A さんの外出に向けた目標で最も適切なのはどれか。
1. 食物繊維を避けた食事が摂れる。
2. 装具が剝がれた場合に対処できる。
3. 起こりやすい皮膚障害が理解できる。
4. 装具交換に必要な物品の購入先がわかる。

答え："
115_2026-AM-47,Knowledge,Y,4,B,職業に伴う作業や環境と健康障害の組合せで正しいのはどれか。,紫外線の曝露 緑内障 glaucoma | 情報機器作業 眼疲労 | 工具や機械の振動 手指の熱感 | 重量物の取り扱い 骨粗鬆症 osteoporosis,"次の問題に対して、最も適切な選択肢を1つだけ選び、その番号だけを半角数字で答えてください。番号以外の文字は一切出力しないでください。

職業に伴う作業や環境と健康障害の組合せで正しいのはどれか。
1. 紫外線の曝露 緑内障 glaucoma
2. 情報機器作業 眼疲労
3. 工具や機械の振動 手指の熱感
4. 重量物の取り扱い 骨粗鬆症 osteoporosis

答え："
115_2026-AM-49,Knowledge,Y,4,D,慢性疾患がある成人のアドヒアランスを高める要因はどれか。,自覚症状がない。 | 治療費が高額である。 | 療養方法が複雑である。 | 療養方法の利益と害が分かる。,"次の問題に対して、最も適切な選択肢を1つだけ選び、その番号だけを半角数字で答えてください。番号以外の文字は一切出力しないでください。

慢性疾患がある成人のアドヒアランスを高める要因はどれか。
1. 自覚症状がない。
2. 治療費が高額である。
3. 療養方法が複雑である。
4. 療養方法の利益と害が分かる。

答え："
115_2026-AM-51,Knowledge,Y,4,D,細菌性の 肺炎と診断された 慢性閉塞性肺疾患〈COPD〉患者の酸素療法で正しいの pneumonia chronic obstructive pulmonary diseases はどれか。,酸素中毒を避けるために高流量にする。 | 鼻カニューレでの最大投与量は8 L/分である。 | CO2 ナルコーシス予防のために酸素濃度を高くする。 | 経皮的動脈血酸素飽和度〈SpO2〉が投与量の指標となる。,"次の問題に対して、最も適切な選択肢を1つだけ選び、その番号だけを半角数字で答えてください。番号以外の文字は一切出力しないでください。

細菌性の 肺炎と診断された 慢性閉塞性肺疾患〈COPD〉患者の酸素療法で正しいの pneumonia chronic obstructive pulmonary diseases はどれか。
1. 酸素中毒を避けるために高流量にする。
2. 鼻カニューレでの最大投与量は8 L/分である。
3. CO2 ナルコーシス予防のために酸素濃度を高くする。
4. 経皮的動脈血酸素飽和度〈SpO2〉が投与量の指標となる。

答え："
115_2026-AM-53,Knowledge,Y,4,A,電解質異常と症候の組合せで正しいのはどれか。,高カリウム血症 心室細動 ventricular fibrillation | 低カリウム血症 QT 時間の短縮 | 高ナトリウム血症 水中毒 water intoxication | 低ナトリウム血症 口 渇,"次の問題に対して、最も適切な選択肢を1つだけ選び、その番号だけを半角数字で答えてください。番号以外の文字は一切出力しないでください。

電解質異常と症候の組合せで正しいのはどれか。
1. 高カリウム血症 心室細動 ventricular fibrillation
2. 低カリウム血症 QT 時間の短縮
3. 高ナトリウム血症 水中毒 water intoxication
4. 低ナトリウム血症 口 渇

答え："
115_2026-AM-55,Knowledge,Y,4,C,骨折時の直達牽引の説明で正しいのはどれか。,開放損傷には適さない。 | 介達牽引に比べ牽引力が弱い。 | 骨に鋼線を刺入して牽引する。 | 弾性包帯を巻き直す必要がある。,"次の問題に対して、最も適切な選択肢を1つだけ選び、その番号だけを半角数字で答えてください。番号以外の文字は一切出力しないでください。

骨折時の直達牽引の説明で正しいのはどれか。
1. 開放損傷には適さない。
2. 介達牽引に比べ牽引力が弱い。
3. 骨に鋼線を刺入して牽引する。
4. 弾性包帯を巻き直す必要がある。

答え："
115_2026-AM-56,Knowledge,Y,4,C,高齢の親の介護が必要となった家族の発達課題で正しいのはどれか。,社会性の縮小 | 家族役割の維持 | 家族関係の再構築 | 子離れ・親離れの確立,"次の問題に対して、最も適切な選択肢を1つだけ選び、その番号だけを半角数字で答えてください。番号以外の文字は一切出力しないでください。

高齢の親の介護が必要となった家族の発達課題で正しいのはどれか。
1. 社会性の縮小
2. 家族役割の維持
3. 家族関係の再構築
4. 子離れ・親離れの確立

答え："
115_2026-AM-57,Knowledge,Y,4,B,介護保険制度の説明で正しいのはどれか。,措置制度である。 | 共助を実現する仕組みである。 | 介護保険料は65 歳から徴収される。 | 地域密着型サービスの指定・監督は都道府県が行う。,"次の問題に対して、最も適切な選択肢を1つだけ選び、その番号だけを半角数字で答えてください。番号以外の文字は一切出力しないでください。

介護保険制度の説明で正しいのはどれか。
1. 措置制度である。
2. 共助を実現する仕組みである。
3. 介護保険料は65 歳から徴収される。
4. 地域密着型サービスの指定・監督は都道府県が行う。

答え："
115_2026-AM-60,Knowledge,Y,4,B,正期産で出生した健康な乳児で正しいのはどれか。,出生36 時間後に初めて胎便が排泄される。 | 学童と比べて胃食道逆流現象が起きやすい。 | 母乳栄養児では生後3 か月以降も生理的な黄疸が遷延する。 | 経腟分娩で出生した児の腸内細菌叢はDöderlein〈デーデルライン〉桿菌が優 勢である。,"次の問題に対して、最も適切な選択肢を1つだけ選び、その番号だけを半角数字で答えてください。番号以外の文字は一切出力しないでください。

正期産で出生した健康な乳児で正しいのはどれか。
1. 出生36 時間後に初めて胎便が排泄される。
2. 学童と比べて胃食道逆流現象が起きやすい。
3. 母乳栄養児では生後3 か月以降も生理的な黄疸が遷延する。
4. 経腟分娩で出生した児の腸内細菌叢はDöderlein〈デーデルライン〉桿菌が優 勢である。

答え："
115_2026-AM-62,Knowledge,Y,4,A,ホルモンとその働きの組合せで正しいのはどれか。,エストロゲン 骨端軟骨板閉鎖 | 成長ホルモン 子宮の増大 | テストステロン 乳房の発育 | プロゲステロン 排 卵,"次の問題に対して、最も適切な選択肢を1つだけ選び、その番号だけを半角数字で答えてください。番号以外の文字は一切出力しないでください。

ホルモンとその働きの組合せで正しいのはどれか。
1. エストロゲン 骨端軟骨板閉鎖
2. 成長ホルモン 子宮の増大
3. テストステロン 乳房の発育
4. プロゲステロン 排 卵

答え："
115_2026-AM-65,Knowledge,Y,4,A,A さん(25 歳、初産婦)は妊娠経過が順調であり、自然分娩を希望している。妊 娠40 週2 日、陣痛発来し入院した。未破水、陣痛の間欠6 分、発作20 秒で産痛を 訴えている。入院してから4 時間経過しており、現在、子宮口4 cm 開大してい る。 A さんへの援助で適切なのはどれか。,足浴を勧める。 | 安静に過ごすよう促す。 | 飲食は控えるように説明する。 | 陣痛にあわせて努責を開始させる。,"次の問題に対して、最も適切な選択肢を1つだけ選び、その番号だけを半角数字で答えてください。番号以外の文字は一切出力しないでください。

A さん(25 歳、初産婦)は妊娠経過が順調であり、自然分娩を希望している。妊 娠40 週2 日、陣痛発来し入院した。未破水、陣痛の間欠6 分、発作20 秒で産痛を 訴えている。入院してから4 時間経過しており、現在、子宮口4 cm 開大してい る。 A さんへの援助で適切なのはどれか。
1. 足浴を勧める。
2. 安静に過ごすよう促す。
3. 飲食は控えるように説明する。
4. 陣痛にあわせて努責を開始させる。

答え："
115_2026-AM-68,Knowledge,Y,4,B,A さんは大地震で被災し、負傷者や亡くなった人を多く目撃した。1 か月後、 避難所を巡回していた看護師に、自分だけが生き残って申し訳ないと感じていると 話した。 A さんへの声かけで適切なのはどれか。,「生き残ったA さんは幸せですよ」 | 「そう感じるのは正常な反応ですよ」 | 「嫌なことは早く忘れたほうがいいですよ」 | 「頑張ってこれを乗り越えないといけません」,"次の問題に対して、最も適切な選択肢を1つだけ選び、その番号だけを半角数字で答えてください。番号以外の文字は一切出力しないでください。

A さんは大地震で被災し、負傷者や亡くなった人を多く目撃した。1 か月後、 避難所を巡回していた看護師に、自分だけが生き残って申し訳ないと感じていると 話した。 A さんへの声かけで適切なのはどれか。
1. 「生き残ったA さんは幸せですよ」
2. 「そう感じるのは正常な反応ですよ」
3. 「嫌なことは早く忘れたほうがいいですよ」
4. 「頑張ってこれを乗り越えないといけません」

答え："
115_2026-AM-69,Knowledge,Y,4,D,"ヤーロムの集団精神療法の治療的因子のうち、普遍性に関する説明はどれか。 Yalom, I. D.",これまで知らなかった情報や助言を得ることができる。 | 人間の生や死、生きる意味について考えることができる。 | 他の人の回復と成長が、自分の回復と成長への希望となる。 | 自分の抱えている問題は、自分だけが抱えている問題ではないと気付く。,"次の問題に対して、最も適切な選択肢を1つだけ選び、その番号だけを半角数字で答えてください。番号以外の文字は一切出力しないでください。

ヤーロムの集団精神療法の治療的因子のうち、普遍性に関する説明はどれか。 Yalom, I. D.
1. これまで知らなかった情報や助言を得ることができる。
2. 人間の生や死、生きる意味について考えることができる。
3. 他の人の回復と成長が、自分の回復と成長への希望となる。
4. 自分の抱えている問題は、自分だけが抱えている問題ではないと気付く。

答え："
